<!-- [ Mirror metadata ] generatedAt: 1530603171654 -->
<!-- Generated screen file. Fill the id tags below with content with
which to populate your previewed layout. For a complete specification
of sample data, please see http://jimulabs.com/sample-data-specifications/ 

Valid attributes on <screen> tag: theme="@style/someTheme" inEditMode="false" overlay="@drawable/mockup" -->
<screen>
    <_content layout="@layout/activity_upload_idcard_v3">
        <!-- TextView Examples:
        <tv01 text="@string/string_resource" />
        <tv01 text="Text literal" textSize="14sp" /> -->
        <tv01 />
        <!-- ImageView Examples:
        <iv src="@drawable/image_resource" />
        <iv src="relative_path/image.jpg" /> -->
        <iv />
        <take_photo_iv />
    </_content>
</screen>
