<!-- [ Mirror metadata ] generatedAt: 1530603171687 -->
<!-- Generated screen file. Fill the id tags below with content with
which to populate your previewed layout. For a complete specification
of sample data, please see http://jimulabs.com/sample-data-specifications/ 

Valid attributes on <screen> tag: theme="@style/someTheme" inEditMode="false" overlay="@drawable/mockup" -->
<screen>
    <_content layout="@layout/activity_elec_short_begin_usecar">
        <!-- ImageView Examples:
        <car_iv src="@drawable/image_resource" />
        <car_iv src="relative_path/image.jpg" /> -->
        <car_iv />
        <!-- TextView Examples:
        <license_num_tv text="@string/string_resource" />
        <license_num_tv text="Text literal" textSize="14sp" /> -->
        <license_num_tv />
        <car_color_iv />
        <car_name_tv />
        <endurance_tv />
        <car_info_tv />
        <battery_tv />
        <fetch_iv />
        <fetch_store_name_tv />
        <g_iv />
        <g_store_name_tv />
        <change_g_lo_tv />
        <begin_btn />
        <count_down_tv />
        <total_cost_tv />
        <mileage_info_tv />
        <mileage_cost_tv />
        <duration_info_tv />
        <duration_cost_tv />
        <no_deductible_cost_tv />
    </_content>
</screen>
