<!-- [ Mirror metadata ] generatedAt: 1530603172136 -->
<!-- Generated screen file. Fill the id tags below with content with
which to populate your previewed layout. For a complete specification
of sample data, please see http://jimulabs.com/sample-data-specifications/ 

Valid attributes on <screen> tag: theme="@style/someTheme" inEditMode="false" overlay="@drawable/mockup" -->
<screen>
    <_content layout="@layout/activity_problemfeedback">
        <!-- ImageView Examples:
        <box_one src="@drawable/image_resource" />
        <box_one src="relative_path/image.jpg" /> -->
        <box_one />
        <box_two />
        <box_three />
        <box_four />
        <box_five />
        <box_six />
        <!-- TextView Examples:
        <tv01 text="@string/string_resource" />
        <tv01 text="Text literal" textSize="14sp" /> -->
        <tv01 />
        <upload_pic_iv />
    </_content>
</screen>
