<!-- [ Mirror metadata ] generatedAt: 1530603171739 -->
<!-- Generated screen file. Fill the id tags below with content with
which to populate your previewed layout. For a complete specification
of sample data, please see http://jimulabs.com/sample-data-specifications/ 

Valid attributes on <screen> tag: theme="@style/someTheme" inEditMode="false" overlay="@drawable/mockup" -->
<screen>
    <_content layout="@layout/activity_store_detail_v3">
        <!-- ImageView Examples:
        <iv01 src="@drawable/image_resource" />
        <iv01 src="relative_path/image.jpg" /> -->
        <iv01 />
        <!-- TextView Examples:
        <tv01 text="@string/string_resource" />
        <tv01 text="Text literal" textSize="14sp" /> -->
        <tv01 />
        <store_name_tv />
        <iv02 />
        <tv02 />
        <store_address_tv />
        <iv03 />
        <tv03 />
        <store_phone_tv />
        <iv04 />
        <tv04 />
        <carport_count_tv />
    </_content>
</screen>
