<!-- [ Mirror metadata ] generatedAt: 1530603171567 -->
<!-- Generated screen file. Fill the id tags below with content with
which to populate your previewed layout. For a complete specification
of sample data, please see http://jimulabs.com/sample-data-specifications/ 

Valid attributes on <screen> tag: theme="@style/someTheme" inEditMode="false" overlay="@drawable/mockup" -->
<screen>
    <_content layout="@layout/activity_sell">
        <!-- TextView Examples:
        <tv01 text="@string/string_resource" />
        <tv01 text="Text literal" textSize="14sp" /> -->
        <tv01 />
        <!-- ImageView Examples:
        <view02 src="@drawable/image_resource" />
        <view02 src="relative_path/image.jpg" /> -->
        <view02 />
        <know_more_tv />
    </_content>
</screen>
