<!-- [ Mirror metadata ] generatedAt: 1530603171649 -->
<!-- Generated screen file. Fill the id tags below with content with
which to populate your previewed layout. For a complete specification
of sample data, please see http://jimulabs.com/sample-data-specifications/ 

Valid attributes on <screen> tag: theme="@style/someTheme" inEditMode="false" overlay="@drawable/mockup" -->
<screen>
    <_content layout="@layout/activity_select_car_type">
        <city_lv>
            <items layout="@android:layout/simple_list_item_1" >
                <_item>
                    <text1>Apple</text1>
                </_item>
                <_item>
                    <text1>Orange</text1>
                </_item>
                <_item>
                    <text1>Pear</text1>
                </_item>
                <_item>
                    <text1>Grapefruit</text1>
                </_item>
                <_item>
                    <text1>Banana</text1>
                </_item>
                <_item>
                    <text1>Lemon</text1>
                </_item>
                <_item>
                    <text1>Carrot</text1>
                </_item>
            </items>
                </city_lv>
        <store_lv>
            <items layout="@android:layout/simple_list_item_1" >
                <_item>
                    <text1>Dalmatian</text1>
                </_item>
                <_item>
                    <text1>Great Dane</text1>
                </_item>
                <_item>
                    <text1>Shi Tzu</text1>
                </_item>
                <_item>
                    <text1>Corgi</text1>
                </_item>
                <_item>
                    <text1>Labrador</text1>
                </_item>
                <_item>
                    <text1>Doberman</text1>
                </_item>
                <_item>
                    <text1>Chihuahua</text1>
                </_item>
            </items>
                </store_lv>
        <type_lv>
            <items layout="@android:layout/simple_list_item_1" >
                <_item>
                    <text1>Vancouver</text1>
                </_item>
                <_item>
                    <text1>Cairo</text1>
                </_item>
                <_item>
                    <text1>New York</text1>
                </_item>
                <_item>
                    <text1>San Francisco</text1>
                </_item>
                <_item>
                    <text1>Seattle</text1>
                </_item>
                <_item>
                    <text1>Hong Kong</text1>
                </_item>
                <_item>
                    <text1>Tokyo</text1>
                </_item>
            </items>
                </type_lv>
    </_content>
</screen>
