<!-- [ Mirror metadata ] generatedAt: 1530603171623 -->
<!-- Generated screen file. Fill the id tags below with content with
which to populate your previewed layout. For a complete specification
of sample data, please see http://jimulabs.com/sample-data-specifications/ 

Valid attributes on <screen> tag: theme="@style/someTheme" inEditMode="false" overlay="@drawable/mockup" -->
<screen>
    <_content layout="@layout/activity_login">
        <!-- ImageView Examples:
        <back_iv src="@drawable/image_resource" />
        <back_iv src="relative_path/image.jpg" /> -->
        <back_iv />
        <!-- TextView Examples:
        <code_tv text="@string/string_resource" />
        <code_tv text="Text literal" textSize="14sp" /> -->
        <code_tv />
        <agreement_tv />
    </_content>
</screen>
