<!-- [ Mirror metadata ] generatedAt: 1530603171637 -->
<!-- Generated screen file. Fill the id tags below with content with
which to populate your previewed layout. For a complete specification
of sample data, please see http://jimulabs.com/sample-data-specifications/ 

Valid attributes on <screen> tag: theme="@style/someTheme" inEditMode="false" overlay="@drawable/mockup" -->
<screen>
    <_content layout="@layout/activity_pay_deposit">
        <!-- ImageView Examples:
        <car_iv src="@drawable/image_resource" />
        <car_iv src="relative_path/image.jpg" /> -->
        <car_iv />
        <!-- TextView Examples:
        <car_name_tv text="@string/string_resource" />
        <car_name_tv text="Text literal" textSize="14sp" /> -->
        <car_name_tv />
        <deposit_price_tv />
        <iv01 />
        <ali_check_iv />
        <iv02 />
        <wx_check_iv />
    </_content>
</screen>
