<!-- [ Mirror metadata ] generatedAt: 1530603171918 -->
<!-- Generated screen file. Fill the id tags below with content with
which to populate your previewed layout. For a complete specification
of sample data, please see http://jimulabs.com/sample-data-specifications/ 

Valid attributes on <screen> tag: theme="@style/someTheme" inEditMode="false" overlay="@drawable/mockup" -->
<screen>
    <_content layout="@layout/activity_credit_authentication_v3">
        <!-- ImageView Examples:
        <iv01 src="@drawable/image_resource" />
        <iv01 src="relative_path/image.jpg" /> -->
        <iv01 />
        <arrow_iv01 />
        <!-- TextView Examples:
        <card_card_state_tv text="@string/string_resource" />
        <card_card_state_tv text="Text literal" textSize="14sp" /> -->
        <card_card_state_tv />
        <iv02 />
        <arrow_iv02 />
        <credit_report_state_tv />
    </_content>
</screen>
