<!-- [ Mirror metadata ] generatedAt: 1530603171586 -->
<!-- Generated screen file. Fill the id tags below with content with
which to populate your previewed layout. For a complete specification
of sample data, please see http://jimulabs.com/sample-data-specifications/ 

Valid attributes on <screen> tag: theme="@style/someTheme" inEditMode="false" overlay="@drawable/mockup" -->
<screen>
    <_content layout="@layout/choose_car_dialog">
        <!-- ImageView Examples:
        <car_iv src="@drawable/image_resource" />
        <car_iv src="relative_path/image.jpg" /> -->
        <car_iv />
        <!-- TextView Examples:
        <car_name_tv text="@string/string_resource" />
        <car_name_tv text="Text literal" textSize="14sp" /> -->
        <car_name_tv />
        <car_info_tv />
        <lease_day_tv />
        <price_tv />
    </_content>
</screen>
