<!-- [ Mirror metadata ] generatedAt: 1530603171572 -->
<!-- Generated screen file. Fill the id tags below with content with
which to populate your previewed layout. For a complete specification
of sample data, please see http://jimulabs.com/sample-data-specifications/ 

Valid attributes on <screen> tag: theme="@style/someTheme" inEditMode="false" overlay="@drawable/mockup" -->
<screen>
    <_content layout="@layout/event_item_v3">
        <!-- ImageView Examples:
        <iv src="@drawable/image_resource" />
        <iv src="relative_path/image.jpg" /> -->
        <iv />
        <!-- TextView Examples:
        <tittle_tv text="@string/string_resource" />
        <tittle_tv text="Text literal" textSize="14sp" /> -->
        <tittle_tv />
        <time_tv />
    </_content>
</screen>
