<!-- [ Mirror metadata ] generatedAt: 1530603171892 -->
<!-- Generated screen file. Fill the id tags below with content with
which to populate your previewed layout. For a complete specification
of sample data, please see http://jimulabs.com/sample-data-specifications/ 

Valid attributes on <screen> tag: theme="@style/someTheme" inEditMode="false" overlay="@drawable/mockup" -->
<screen>
    <actionbar showTabsFor="@id/car_vp"/>
    <_content layout="@layout/luxury_car_vp_item">
        <car_vp>
            <!-- Add pages to your ViewPager here like so:
            <_page title="page title" icon="@drawable/my_icon"/>
            <_page layout="@layout/my_page_layout">
                <my_image_view src="@drawable/my_image"/>
            </_page>
            -->
        </car_vp>
        <!-- TextView Examples:
        <car_info_tv text="@string/string_resource" />
        <car_info_tv text="Text literal" textSize="14sp" /> -->
        <car_info_tv />
    </_content>
</screen>
