<!-- [ Mirror metadata ] generatedAt: 1530603171896 -->
<!-- Generated screen file. Fill the id tags below with content with
which to populate your previewed layout. For a complete specification
of sample data, please see http://jimulabs.com/sample-data-specifications/ 

Valid attributes on <screen> tag: theme="@style/someTheme" inEditMode="false" overlay="@drawable/mockup" -->
<screen>
    <_content layout="@layout/messagecenter_item">
        <!-- TextView Examples:
        <title_tv text="@string/string_resource" />
        <title_tv text="Text literal" textSize="14sp" /> -->
        <title_tv />
        <!-- ImageView Examples:
        <read_status_iv src="@drawable/image_resource" />
        <read_status_iv src="relative_path/image.jpg" /> -->
        <read_status_iv />
        <date_tv />
        <hour_tv />
    </_content>
</screen>
