<!-- [ Mirror metadata ] generatedAt: 1530603172110 -->
<!-- Generated screen file. Fill the id tags below with content with
which to populate your previewed layout. For a complete specification
of sample data, please see http://jimulabs.com/sample-data-specifications/ 

Valid attributes on <screen> tag: theme="@style/someTheme" inEditMode="false" overlay="@drawable/mockup" -->
<screen>
    <_content layout="@layout/tt_lucky_pop">
        <!-- ImageView Examples:
        <advertising_iv src="@drawable/image_resource" />
        <advertising_iv src="relative_path/image.jpg" /> -->
        <advertising_iv />
        <image />
        <!-- TextView Examples:
        <result_tv text="@string/string_resource" />
        <result_tv text="Text literal" textSize="14sp" /> -->
        <result_tv />
        <adv_cancel_iv />
    </_content>
</screen>
