<!-- [ Mirror metadata ] generatedAt: 1530603171658 -->
<!-- Generated screen file. Fill the id tags below with content with
which to populate your previewed layout. For a complete specification
of sample data, please see http://jimulabs.com/sample-data-specifications/ 

Valid attributes on <screen> tag: theme="@style/someTheme" inEditMode="false" overlay="@drawable/mockup" -->
<screen>
    <_content layout="@layout/xlistview_header">
        <!-- TextView Examples:
        <xlistview_header_hint_textview text="@string/string_resource" />
        <xlistview_header_hint_textview text="Text literal" textSize="14sp" /> -->
        <xlistview_header_hint_textview />
        <xlistview_header_time />
        <!-- ImageView Examples:
        <xlistview_header_arrow src="@drawable/image_resource" />
        <xlistview_header_arrow src="relative_path/image.jpg" /> -->
        <xlistview_header_arrow />
    </_content>
</screen>
